title,first_name,last_name,email,phone
Mr,John,Doe,john.doe@email.com,08012345678
Mrs,Jane,Smith,jane.smith@email.com,08023456789
Dr,Michael,Johnson,michael.johnson@email.com,08034567890
Ms,Sarah,Williams,sarah.williams@email.com,08045678901
Mr,Robert,Brown,robert.brown@email.com,08056789012
Mrs,Emily,Davis,emily.davis@email.com,08067890123
Mr,David,Miller,david.miller@email.com,08078901234
Ms,Lisa,Wilson,lisa.wilson@email.com,08089012345
Dr,James,Taylor,james.taylor@email.com,08090123456
Mrs,Emma,Anderson,emma.anderson@email.com,08101234567
